,博物馆名称,藏品名字,藏品介绍,藏品图片地址
0,荆州博物馆,[2009-08-19]· 越王州勾剑,越王州勾剑发布时间：2009-08-19来源：荆州博物馆点击：越王州勾剑战国早期，,http://www.jzmsm.org//d/file/cp/qtq/2013-12-04/66246af14a999aeace4eae5dd76f0ed8.jpg
1,荆州博物馆,[2009-08-19]· 铜簋,铜簋发布时间：2009-08-19来源：荆州博物馆点击：铜簋战国口径23.6、通高25、方座长22.4、宽22.3、高9.2厘米。荆州市沙市区天星观二号墓出土。直颈、平唇、口微敛，,http://www.jzmsm.org//d/file/cp/qtq/2013-12-04/112c3b7a9753cc5a978afafccbaf4966.jpg
2,荆州博物馆,[2009-08-19]· 铜大口尊,"铜大口尊发布时间：2009-08-19来源：荆州博物馆点击：铜大口尊铜大口尊,商代,高67.2cm口径58cm,荆州岑河出土,大口，",http://www.jzmsm.org//d/file/cp/qtq/2013-12-04/afd1b5ea11dc7aa1d9546e60f846be51.jpg
3,荆州博物馆,[2009-08-19]· 铜人骑骆驼灯,"铜人骑骆驼灯发布时间：2009-08-19来源：荆州博物馆点击：铜人骑骆驼灯战国,高18.5cm,盘径8.8cm,荆门后港楚墓出土,整器由豆形灯和人骑骆驼形灯座两部分组成，",http://www.jzmsm.org//d/file/cp/qtq/2013-12-04/c776981d6dffc1c2189aa32e28caa1e8.jpg
4,荆州博物馆,[2009-08-19]· 铜虎子,"铜虎子发布时间：2009-08-19来源：荆州博物馆点击：铜虎子铜虎子,西汉,长28cm,宽9.9cm,高14.7cm,荆州张家山出土,此为楚汉人夜间所用之便器。器体为伏虎状，",http://www.jzmsm.org//d/file/cp/qtq/2013-12-04/b9981c7d8885a223cc4577378b0edfa6.jpg
5,荆州博物馆,[2009-08-19]· “兵辟太岁”戈,“兵辟太岁”戈发布时间：2009-08-19来源：荆州博物馆点击：“兵辟太岁”戈战国，,http://www.jzmsm.org//d/file/cp/qtq/2013-12-04/24f236a86eeda29eb6245f47bffa2c60.jpg
6,荆州博物馆,[2009-08-19]· 铜虎尊,铜虎尊发布时间：2009-08-19来源：荆州博物馆点击：铜虎尊西周早期，,http://www.jzmsm.org//d/file/cp/qtq/2013-12-04/9c3120d992a3ae2c594e694f978e0f20.jpg
7,荆州博物馆,[2009-08-19]· 铜鼎,铜鼎发布时间：2009-08-19来源：荆州博物馆点击：铜鼎战国，,http://www.jzmsm.org//d/file/cp/qtq/2013-12-04/9d719bfdc9c28e628091409e33ace774.jpg
8,荆州博物馆,[2009-08-19]· 铜提梁壶,铜提梁壶发布时间：2009-08-19来源：荆州博物馆点击：铜提梁壶战国，,http://www.jzmsm.org//d/file/cp/qtq/2013-12-04/2de6a06bbcac897e3b806432ed24458c.jpg
9,荆州博物馆,[2009-08-05]· 青瓷荷叶盖罐,"青瓷荷叶盖罐发布时间：2009-08-05来源：荆州博物馆点击：青瓷荷叶盖罐宋代,高28cm，",http://www.jzmsm.org//d/file/cp/taociqi/2013-12-04/b951b8a63ac0dd80323c0e08a06a7192.jpg
10,荆州博物馆,[2009-08-05]· 彩陶碗 ,,http://www.jzmsm.org//d/file/cp/taociqi/2013-12-04/74a4ad66675ddab136c0a757b64b0fd2.jpg
11,荆州博物馆,[2009-08-05]· 彩陶器座,"彩陶器座发布时间：2009-08-05来源：荆州博物馆点击：彩陶器座新石器时代大溪文化,通高23.2厘米。荆州市松滋县桂花树遗址出土。泥质红陶，",http://www.jzmsm.org//d/file/cp/taociqi/2013-12-04/4b62e943f66a19015e42d5955410fa2f.jpg
12,荆州博物馆,[2009-08-05]· 彩陶纺轮,"彩陶纺轮发布时间：2009-08-05来源：荆州博物馆点击：彩陶纺轮石家河文化,直径3.1-4.3cm,天门邓家湾等遗址出土,彩陶纺轮是屈家岭文化和石家河文化早期最有特色的陶器。其色彩有橙黄、橙红、黑褐、红褐等。其图案丰富多彩，",http://www.jzmsm.org//d/file/cp/taociqi/2013-12-04/7ebba1ec2a7cf13092a111c5cf449f9d.jpg
13,荆州博物馆,[2009-08-05]· 陶塑动物之一陶狗、陶猴,"陶塑动物之一陶狗、陶猴发布时间：2009-08-05来源：荆州博物馆点击：陶塑动物石家河文化,长高5-10cm,天门市邓家湾遗址出土,石家河文化中发现的各种陶塑动物已有五千多件。主要有鸡、鸟、狗、羊、猪、猴、兔、貘、鳖、龟等十余种，",http://www.jzmsm.org//d/file/cp/taociqi/2013-12-04/fdde60c7f5e7f362d939802d3df73edd.jpg
14,荆州博物馆,[2009-08-05]· 陶人 ,陶人发布时间：2009-08-05来源：荆州博物馆点击：陶人新石器时代石家河文化，,http://www.jzmsm.org//d/file/cp/taociqi/2013-12-04/d7bf951f3a1ef6fcceab9e417d0982f8.jpg
15,荆州博物馆,[2009-08-05]· 尖状器,尖状器发布时间：2009-08-05来源：荆州博物馆点击：尖状器旧石器时代晚期，,http://www.jzmsm.org//d/file/cp/shiqi/2013-12-04/4f6ce5653a29bc7a28857d2734a13e96.jpg
16,荆州博物馆,[2009-08-05]· 尖状器（旧石器时代  荆州鸡公山遗址出土）,尖状器（旧石器时代荆州鸡公山遗址出土）发布时间：2009-08-05来源：荆州博物馆点击：尖状器（旧石器时代荆州鸡公山遗址出土）旧石器时代晚期，,http://www.jzmsm.org//d/file/cp/shiqi/2013-12-04/760beef1c04124ed112050e887c1228b.jpg
17,荆州博物馆,[2009-08-05]· 砍砸器（旧石器时代  荆州鸡公山遗址出土）,,http://www.jzmsm.org//d/file/cp/shiqi/2013-12-04/589ba3e2d4e03130d28bb7cd9635c6b9.jpg
18,荆州博物馆,[2009-08-05]· 石钺,石钺发布时间：2009-08-05来源：荆州博物馆点击：石钺新石器时代大溪文化，,http://www.jzmsm.org//d/file/cp/shiqi/2013-12-04/c3ee37ba3190d203de2572098baef72c.jpg
19,荆州博物馆,[2009-08-05]· 石刀,石刀发布时间：2009-08-05来源：荆州博物馆点击：石刀新石器时代大溪文化，,http://www.jzmsm.org//d/file/cp/shiqi/2013-12-04/4484b9816c0e3c447ac39f0f7f94f24e.jpg
20,荆州博物馆,[2009-08-05]· 石钺,石钺发布时间：2009-08-05来源：荆州博物馆点击：石钺新石器时代大溪文化，,http://www.jzmsm.org//d/file/cp/shiqi/2013-12-04/5ccc4d5af3e5e339725650c68616b4bb.jpg
21,荆州博物馆,[2009-08-05]· 陶塑动物之二陶鸟,"陶塑动物之二陶鸟发布时间：2009-08-05来源：荆州博物馆点击：陶塑动物石家河文化,长高5-10cm,天门市邓家湾遗址出土,石家河文化中发现的各种陶塑动物已有五千多件。主要有鸡、鸟、狗、羊、猪、猴、兔、貘、鳖、龟等十余种，",http://www.jzmsm.org//d/file/cp/taociqi/2013-12-04/c2df9da454522ccc9a38234d95985e65.jpg
22,荆州博物馆,[2009-08-05]· 陶塑动物之三陶象,"陶塑动物之三陶象发布时间：2009-08-05来源：荆州博物馆点击：陶塑动物石家河文化,长高5-10cm,天门市邓家湾遗址出土,石家河文化中发现的各种陶塑动物已有五千多件。主要有鸡、鸟、狗、羊、猪、猴、兔、貘、鳖、龟等十余种，",http://www.jzmsm.org//d/file/cp/taociqi/2013-12-04/22c093d30362d3ccc37c35befe9345f2.jpg
23,荆州博物馆,[2009-08-05]· 刻符陶臼（石家河文化）,,http://www.jzmsm.org//d/file/cp/taociqi/2013-12-04/2f3ca1b0fa4067586f41eee2cd8cd8e0.jpg
24,荆州博物馆,[2009-08-05]· 陶盘（石家河文化）,陶盘（石家河文化）发布时间：2009-08-05来源：荆州博物馆点击：陶盘（石家河文化）新石器时代石家河文化，,http://www.jzmsm.org//d/file/cp/taociqi/2013-12-04/39b168d245b26d010683ab1a9a010f19.jpg
