,博物馆名称,活动名字,活动时间,活动介绍,活动图片地址
0,陕西历史博物馆,唐代壁画文化特展走进台湾校园首轮巡展活动圆满落幕,2021-02-08,2020年9月至2021年1月，由中国宋庆龄基金会、陕西省文物交流协会和台湾中华翰维文化推广协会共同主办，我馆协办的“盛世壁藏——唐代壁画文化特展·首部曲”走进台湾校园巡展活动先后在台湾师范大学、中兴大学和中原大学举办。,http://www.sxhm.com//upfile/2021/02/20210208095136_215.jpg
1,陕西历史博物馆,我物馆举办“文物系荆楚，祝福颂祖国” 文博战线抗击新冠肺炎疫情主题展青少年研学,2020-10-22,2020年伊始，一场突如其来的新冠肺炎疫情在武汉爆发，并在全国蔓延。,http://www.sxhm.com//upfile/2020/10/20201022145352_711.jpg
2,陕西历史博物馆,陕西历史博物馆继续教育基地 2020年第一期公需课圆满结束,2020-09-16,为进一步加强全省专业技术人才队伍能力建设，加快文博专业技术人员知识更新，满足行业快速发展要求，提升文博系统整体发展水平。,http://www.sxhm.com//upfile/2020/09/20200916095117_399.jpg
3,陕西历史博物馆,2019陕西历史博物馆导游培训工作圆满完成,2020-01-09,2019年陕西历史博物馆导游专题培训及考核工作，经过淡季两个月的时间，经过初步筛选、面授、讲解示范、面试、口试等环节圆满结束。,http://www.sxhm.com//upfile/2020/01/20200109095405_423.jpg
4,陕西历史博物馆,“金题玉躞——书画文物修复展”举办亲子深度体验活动,2019-12-30,陕西历史博物馆文物修复季自开展以来举办了丰富的公众深度体验活动，获得参与公众一致好评，公众对展厅内部深度体验兴趣浓厚，很多小观众也跃跃欲试，为丰富体验活动形式，扩大参与公众范围，此次从填写调查问卷的观众中遴选出5组亲子家庭进入西地下文物修复展示厅，开启了一场以我为书画穿“衣服”为主题的有趣的亲子体验活动。,http://www.sxhm.com//upfile/2019/12/20191230104418_809.jpg
5,陕西历史博物馆,我馆举办“藏在博物馆里的古代发明”系列课程,2019-12-06,陕西历史博物馆作为“全国爱国主义教育基地”肩负着宣传中国优秀传统文化的重大责任，依托博物馆丰富的藏品资源，我馆于2019年11月9日、10日分别开展了“藏在博物馆里的古代古代发明”系列教育课程。,http://www.sxhm.com//upfile/2019/12/20191206161221_131.jpg
6,陕西历史博物馆,“走进陕西古代文明，探寻历史文化源脉”西安市曲江第二小学走进陕西历史博物馆,2019-11-28,2019年11月21日和11月23日，陕西历史博物馆与陕西省博物馆教育联盟会员单位西安市曲江第二小学合作开展研学活动，共有120余名师生参加了此次活动。,http://www.sxhm.com//upfile/2019/11/20191128163708_102.jpg
7,陕西历史博物馆,陕历博开展关爱柞水县留守儿童教育活动,2019-11-18,11月16日上午，由旅游票务部与陕西省脱贫攻坚柞水社会组织联合进行的“关爱留守儿童、坚定人生理想”主题教育活动在我馆举行。,http://www.sxhm.com//upfile/2019/11/20191118094940_320.jpg
8,陕西历史博物馆,翱翔书海 筑梦未来——陕历博·陕人教团委日活动,2019-11-07,2019年11月5日，陕西历史博物馆团委邀请陕西人民教育出版社团支部共同来到山阳县双坪镇中心小学，在我馆驻蔡家庄村的同志们的积极联系与帮助下，举办了“翱翔书海，筑梦未来”特别团日活动，为孩子们赠送图书，并为孩子们带来了文物与节气的知识小讲堂。,http://www.sxhm.com//upfile/2019/11/20191107090420_287.jpg
9,陕西历史博物馆,翱翔书海 筑梦未来——陕历博·陕人教团委日活动,2019-11-07,2019年11月5日，陕西历史博物馆团委邀请陕西人民教育出版社团支部共同来到山阳县双坪镇中心小学，在我馆驻蔡家庄村的同志们的积极联系与帮助下，举办了“翱翔书海，筑梦未来”特别团日活动，为孩子们赠送图书，并为孩子们带来了文物与节气的知识小讲堂。,http://www.sxhm.com//upfile/2019/11/20191107090420_287.jpg
10,陕西历史博物馆,“我与祖国共奋进——国旗下的演讲”特别主题团日活动在我馆举行,2019-09-26,9月25日，在中华人民共和国成立70周年之际，由陕西省文物局团委主办、陕西历史博物馆团委承办的“我与祖国共奋进——国旗下的演讲”特别主题团日活动在我馆前庭院举行。,http://www.sxhm.com//upfile/2019/09/20190926113149_802.jpg
11,陕西历史博物馆,陕历博举办“取光藏烟 致巧金铜——彩绘雁鱼铜灯”主题教育活动,2019-09-12,2019年9月7日，我馆举办了藏在博物馆里的古代发明系列课程之“取光藏烟致巧金铜——彩绘雁鱼铜灯”主题教育活动，共有25组家庭共50人参加了此次活动。,http://www.sxhm.com//upfile/2019/09/20190912094400_797.jpg
12,陕西历史博物馆,七月国宝系列课程网讯,2019-07-11,我馆启动“博物馆里过暑假”暑期系列教育课程。,http://www.sxhm.com//upfile/2019/07/20190711163110_296.jpg
13,陕西历史博物馆,“放飞理想，圆梦西行”留守儿童扶贫助教活动,2019-05-31,5月29日下午，我部与西安银行商洛分行共同组织商洛市商州区三岔河九年制学校师生来我馆开展主题为“放飞梦想、圆梦西行”的扶贫助教活动。,http://www.sxhm.com//upfile/2019/05/20190531095650_899.jpg
14,陕西历史博物馆,陕历博举办“葡萄花鸟满庭芳”教育活动,2019-05-29,2019年5月25日，我馆为来自山西博物院的50位“小小讲解员”举办了“葡萄花鸟满庭芳”专场教育活动。,http://www.sxhm.com//upfile/2019/05/20190529081903_869.jpg
