,博物馆名称,展览名字,展览时间,展览介绍,展览图片地址
0,陕西历史博物馆,《秦风颂廉——陕西廉政文物展》,2020.10.2,为深入贯彻习近平总书记来陕考察重要讲话精神，贯彻落实中央纪委国家监委关于加强廉政文化建设要求，由省纪委监委、省文物局主办的《秦风颂廉--陕西廉政文物展》10月21日在陕西历史博物馆开展。,http://www.sxhm.com//upfile/2020/10/20201022111435_541.jpg
1,陕西历史博物馆,陕西历史博物馆举办“壁上丹青”,2020.10.9,文物修复季特展是陕西历史博物馆一种创新的展陈形式，旨在通过不同种类的文物保护修复工作，激发公众兴趣，进而深入了解文物背后的故事，弘扬传统技艺，普及文物保护知识。,http://www.sxhm.com//upfile/2020/10/20201009100041_157.jpg
2,陕西历史博物馆,“文物战线抗击新冠肺炎疫情主题,2020.9.27,9月25日，由国家文物局指导，中国文物信息咨询中心主办，陕西历史博物馆承办，140余家文博与西安交通大学第一附属医院等医疗卫生系统单位协办的大型公益主题展览——“文物系荆楚祝福颂祖国——文博战线抗击新冠肺炎疫情主题展”在陕历博开展。,http://www.sxhm.com//upfile/2020/09/20200927105835_582.jpg
3,陕西历史博物馆,“陕西澄城刘家洼东周遗址考古成,2020.7.15,7月15日，在陕西省文物局的指导和支持下，由陕西历史博物馆、陕西省考古研究院、澄城县文化和旅游局联合主办的“古芮新迹——陕西澄城刘家洼东周遗址考古成果展”在陕历博第七展厅对外开放，展期3个月。,http://www.sxhm.com//upfile/2020/07/20200715154251_155.jpg
4,陕西历史博物馆,唐代皇家供佛茶具“5.18国际博物,2020.5.19,在2020年5月18日第44个“国际博物馆日”之际，由陕西省文物局主办、陕西历史博物馆和法门寺博物馆承办的“唐天子的茶——陕西国宝系列特展之法门寺出土皇家茶具”亮相陕历博国宝厅，将面向公众免费展出5个月。,http://www.sxhm.com//upfile/2020/05/20200519095718_555.jpg
5,陕西历史博物馆,《与天久长——周秦汉唐文化与艺,2020.1.10,2020年1月10日，由陕西省文物局与清华大学联合主办，陕西历史博物馆与清华大学艺术博物馆承办，陕西省内42家文博单位协办的大型历史文化艺术特展——《与天久长——周秦汉唐文化与艺术》汇报展在陕西历史博物馆隆重开幕。,http://www.sxhm.com//upfile/2020/01/20200110154835_457.jpg
